------- Manualmente es necesario iniciar con las consultas postman 5 usuarios nuevos (4 si el primero es el super usuario "admin" para oauth) 

INSERT INTO TBL_DECEASED (name, date_birth, date_death, description, burial_place, visualization_state, visualization_code) VALUES
('Deceased1', '1944-08-10 00:00:00', '2024-10-18 00:00:00', 'Description 1', 'Cemetery 4', TRUE, 'VX001'),
('Deceased2', '1973-05-16 00:00:00', '2012-10-17 00:00:00', 'Description 2', 'Cemetery 5', TRUE, 'VX002'),
('Deceased3', '1989-01-15 00:00:00', '2020-10-27 00:00:00', 'Description 3', 'Cemetery 3', TRUE, 'VX003'),
('Deceased4', '1976-02-20 00:00:00', '2020-11-17 00:00:00', 'Description 4', 'Cemetery 4', TRUE, 'VX004'),
('Deceased5', '1964-01-20 00:00:00', '2011-11-27 00:00:00', 'Description 5', 'Cemetery 3', TRUE, 'VX005'),
('Deceased6', '1970-03-21 00:00:00', '2021-10-27 00:00:00', 'Description 6', 'Cemetery 2', TRUE, 'VX006'),
('Deceased7', '1938-08-15 00:00:00', '2022-10-27 00:00:00', 'Description 7', 'Cemetery 3', TRUE, 'VX007'),
('Deceased8', '1933-01-20 00:00:00', '2021-11-27 00:00:00', 'Description 8', 'Cemetery 5', TRUE, 'VX008'),
('Deceased9', '1968-04-13 00:00:00', '2015-10-27 00:00:00', 'Description 9', 'Cemetery 2', TRUE, 'VX009'),
('Deceased10', '1943-09-21 00:00:00', '2011-10-27 00:00:00', 'Description 10', 'Cemetery 3', TRUE, 'VX010'),
('Deceased11', '1986-02-11 00:00:00', '2023-10-27 00:00:00', 'Description 11', 'Cemetery 1', TRUE, 'VX011'),
('Deceased12', '1971-08-25 00:00:00', '2024-11-27 00:00:00', 'Description 12', 'Cemetery 3', TRUE, 'VX012'),
('Deceased13', '1932-05-14 00:00:00', '2012-10-27 00:00:00', 'Description 13', 'Cemetery 1', TRUE, 'VX013'),
('Deceased14', '1952-04-16 00:00:00', '2010-10-27 00:00:00', 'Description 14', 'Cemetery 2', TRUE, 'VX014'),
('Deceased15', '1940-09-20 00:00:00', '2024-11-17 00:00:00', 'Description 15', 'Cemetery 2', TRUE, 'VX015'),
('Deceased16', '1931-06-19 00:00:00', '2013-10-27 00:00:00', 'Description 16', 'Cemetery 4', TRUE, 'VX016'),
('Deceased17', '1972-08-14 00:00:00', '2019-11-27 00:00:00', 'Description 17', 'Cemetery 2', TRUE, 'VX017'),
('Deceased18', '1984-09-11 00:00:00', '2012-10-17 00:00:00', 'Description 18', 'Cemetery 3', TRUE, 'VX018'),
('Deceased19', '1957-04-13 00:00:00', '2022-11-17 00:00:00', 'Description 19', 'Cemetery 2', TRUE, 'VX019'),
('Deceased20', '1975-03-17 00:00:00', '2023-11-07 00:00:00', 'Description 20', 'Cemetery 1', TRUE, 'VX020');

INSERT INTO TBL_VIDEO (video_link, event_title, description) VALUES
('https://videos.com/video1.mp4', 'Evento 1', 'Descripción 1'),
('https://videos.com/video2.mp4', 'Evento 2', 'Descripción 2'),
('https://videos.com/video3.mp4', 'Evento 3', 'Descripción 3'),
('https://videos.com/video4.mp4', 'Evento 4', 'Descripción 4'),
('https://videos.com/video5.mp4', 'Evento 5', 'Descripción 5'),
('https://videos.com/video6.mp4', 'Evento 6', 'Descripción 6'),
('https://videos.com/video7.mp4', 'Evento 7', 'Descripción 7'),
('https://videos.com/video8.mp4', 'Evento 8', 'Descripción 8'),
('https://videos.com/video9.mp4', 'Evento 9', 'Descripción 9'),
('https://videos.com/video10.mp4', 'Evento 10', 'Descripción 10'),
('https://videos.com/video11.mp4', 'Evento 11', 'Descripción 11'),
('https://videos.com/video12.mp4', 'Evento 12', 'Descripción 12'),
('https://videos.com/video13.mp4', 'Evento 13', 'Descripción 13'),
('https://videos.com/video14.mp4', 'Evento 14', 'Descripción 14'),
('https://videos.com/video15.mp4', 'Evento 15', 'Descripción 15'),
('https://videos.com/video16.mp4', 'Evento 16', 'Descripción 16'),
('https://videos.com/video17.mp4', 'Evento 17', 'Descripción 17'),
('https://videos.com/video18.mp4', 'Evento 18', 'Descripción 18'),
('https://videos.com/video19.mp4', 'Evento 19', 'Descripción 19'),
('https://videos.com/video20.mp4', 'Evento 20', 'Descripción 20');

INSERT INTO TBL_VIDEO_METADATA (date_created, coordinates) VALUES
('2019-01-01 10:00:00', '4.601234,-74.070001'),
('2019-02-01 10:00:00', '4.602345,-74.070002'),
('2019-03-01 10:00:00', '4.603456,-74.070003'),
('2019-04-01 10:00:00', '4.604567,-74.070004'),
('2019-05-01 10:00:00', '4.605678,-74.070005'),
('2019-06-01 10:00:00', '4.606789,-74.070006'),
('2019-07-01 10:00:00', '4.607890,-74.070007'),
('2019-08-01 10:00:00', '4.608901,-74.070008'),
('2019-09-01 10:00:00', '4.609012,-74.070009'),
('2019-10-01 10:00:00', '4.610123,-74.070010'),
('2019-11-01 10:00:00', '4.611234,-74.070011'),
('2019-12-01 10:00:00', '4.612345,-74.070012'),
('2020-01-01 10:00:00', '4.613456,-74.070013'),
('2020-02-01 10:00:00', '4.614567,-74.070014'),
('2020-03-01 10:00:00', '4.615678,-74.070015'),
('2020-04-01 10:00:00', '4.616789,-74.070016'),
('2020-05-01 10:00:00', '4.617890,-74.070017'),
('2020-06-01 10:00:00', '4.618901,-74.070018'),
('2020-07-01 10:00:00', '4.619012,-74.070019'),
('2020-08-01 10:00:00', '4.620123,-74.070020');

INSERT INTO TBL_DECEASED_VIDEO (id_video, id_deceased, id_metadata, video_link) VALUES
(1, 1, 1, 'https://videos.com/video1.mp4'),
(2, 1, 2, 'https://videos.com/video2.mp4'),
(3, 1, 3, 'https://videos.com/video3.mp4'),
(4, 1, 4, 'https://videos.com/video4.mp4'),
(5, 2, 5, 'https://videos.com/video5.mp4'),
(6, 2, 6, 'https://videos.com/video6.mp4'),
(7, 2, 7, 'https://videos.com/video7.mp4'),
(8, 2, 8, 'https://videos.com/video8.mp4'),
(9, 2, 9, 'https://videos.com/video9.mp4'),
(10, 2, 10, 'https://videos.com/video10.mp4'),
(11, 2, 11, 'https://videos.com/video11.mp4'),
(12, 2, 12, 'https://videos.com/video12.mp4'),
(13, 3, 13, 'https://videos.com/video13.mp4'),
(14, 3, 14, 'https://videos.com/video14.mp4'),
(15, 3, 15, 'https://videos.com/video15.mp4'),
(16, 4, 16, 'https://videos.com/video16.mp4'),
(17, 4, 17, 'https://videos.com/video17.mp4'),
(18, 4, 18, 'https://videos.com/video18.mp4'),
(19, 5, 19, 'https://videos.com/video19.mp4'),
(20, 5, 20, 'https://videos.com/video20.mp4');

INSERT INTO TBL_IMAGE (image_link, event_title, description) VALUES
('https://images.com/image1.jpg', 'Navidad 1', 'Descripción 1'),
('https://images.com/image2.jpg', 'Navidad 2', 'Descripción 2'),
('https://images.com/image3.jpg', 'Navidad 3', 'Descripción 3'),
('https://images.com/image4.jpg', 'Navidad 4', 'Descripción 4'),
('https://images.com/image5.jpg', 'Navidad 5', 'Descripción 5'),
('https://images.com/image6.jpg', 'Navidad 6', 'Descripción 6'),
('https://images.com/image7.jpg', 'Navidad 7', 'Descripción 7'),
('https://images.com/image8.jpg', 'Navidad 8', 'Descripción 8'),
('https://images.com/image9.jpg', 'Navidad 9', 'Descripción 9'),
('https://images.com/image10.jpg', 'Navidad 10', 'Descripción 10'),
('https://images.com/image11.jpg', 'Navidad 11', 'Descripción 11'),
('https://images.com/image12.jpg', 'Navidad 12', 'Descripción 12'),
('https://images.com/image13.jpg', 'Navidad 13', 'Descripción 13'),
('https://images.com/image14.jpg', 'Navidad 14', 'Descripción 14'),
('https://images.com/image15.jpg', 'Navidad 15', 'Descripción 15'),
('https://images.com/image16.jpg', 'Navidad 16', 'Descripción 16'),
('https://images.com/image17.jpg', 'Navidad 17', 'Descripción 17'),
('https://images.com/image18.jpg', 'Navidad 18', 'Descripción 18'),
('https://images.com/image19.jpg', 'Navidad 19', 'Descripción 19'),
('https://images.com/image20.jpg', 'Navidad 20', 'Descripción 20');

INSERT INTO TBL_IMAGE_METADATA (date_created, coordinates) VALUES
('2015-01-01 12:00:00', '4.625001,-74.078001'),
('2015-02-01 12:00:00', '4.625002,-74.078002'),
('2015-03-01 12:00:00', '4.625003,-74.078003'),
('2015-04-01 12:00:00', '4.625004,-74.078004'),
('2015-05-01 12:00:00', '4.625005,-74.078005'),
('2015-06-01 12:00:00', '4.625006,-74.078006'),
('2015-07-01 12:00:00', '4.625007,-74.078007'),
('2015-08-01 12:00:00', '4.625008,-74.078008'),
('2015-09-01 12:00:00', '4.625009,-74.078009'),
('2015-10-01 12:00:00', '4.625010,-74.078010'),
('2015-11-01 12:00:00', '4.625011,-74.078011'),
('2015-12-01 12:00:00', '4.625012,-74.078012'),
('2016-01-01 12:00:00', '4.625013,-74.078013'),
('2016-02-01 12:00:00', '4.625014,-74.078014'),
('2016-03-01 12:00:00', '4.625015,-74.078015'),
('2016-04-01 12:00:00', '4.625016,-74.078016'),
('2016-05-01 12:00:00', '4.625017,-74.078017'),
('2016-06-01 12:00:00', '4.625018,-74.078018'),
('2016-07-01 12:00:00', '4.625019,-74.078019'),
('2016-08-01 12:00:00', '4.625020,-74.078020');

INSERT INTO TBL_DECEASED_IMAGE (id_image, id_deceased, id_metadata, image_link) VALUES
(1, 1, 1, 'https://images.com/image1.jpg'),
(2, 1, 2, 'https://images.com/image2.jpg'),
(3, 1, 3, 'https://images.com/image3.jpg'),
(4, 2, 4, 'https://images.com/image4.jpg'),
(5, 2, 5, 'https://images.com/image5.jpg'),
(6, 2, 6, 'https://images.com/image6.jpg'),
(7, 2, 7, 'https://images.com/image7.jpg'),
(8, 2, 8, 'https://images.com/image8.jpg'),
(9, 3, 9, 'https://images.com/image9.jpg'),
(10, 3, 10, 'https://images.com/image10.jpg'),
(11, 3, 11, 'https://images.com/image11.jpg'),
(12, 3, 12, 'https://images.com/image12.jpg'),
(13, 4, 13, 'https://images.com/image13.jpg'),
(14, 4, 14, 'https://images.com/image14.jpg'),
(15, 4, 15, 'https://images.com/image15.jpg'),
(16, 4, 16, 'https://images.com/image16.jpg'),
(17, 5, 17, 'https://images.com/image17.jpg'),
(18, 5, 18, 'https://images.com/image18.jpg'),
(19, 5, 19, 'https://images.com/image19.jpg'),
(20, 5, 20, 'https://images.com/image20.jpg');

INSERT INTO TBL_RELATIONSHIP_TYPE (relationship) VALUES
('Padre'),
('Madre'),
('Abuelo'),
('Abuela'),
('Hermano'),
('Hermana'),
('Tío'),
('Tía'),
('Primo'),
('Prima');

INSERT INTO TBL_RELATION (id_deceased, id_parent, relationship) VALUES
(2, 1, 'Padre'),
(2, 3, 'Madre'),
(2, 4, 'Abuelo'),
(2, 5, 'Abuela'),
(2, 6, 'Hermano'),
(2, 7, 'Hermana'),
(1, 2, 'Tío'),
(1, 3, 'Tía'),
(1, 4, 'Primo'),
(1, 5, 'Prima'),
(1, 6, 'Padre'),
(3, 1, 'Madre'),
(3, 2, 'Abuelo'),
(3, 3, 'Abuela'),
(3, 4, 'Hermano'),
(4, 1, 'Hermana'),
(4, 2, 'Tío'),
(4, 3, 'Tía'),
(5, 1, 'Primo'),
(5, 5, 'Prima');

INSERT INTO TBL_USER_DECEASED (id_user, id_deceased, date_relation, has_permission) VALUES
(2, 1, '2021-01-01 12:00:00', TRUE),
(2, 2, '2021-01-02 12:00:00', TRUE),
(2, 3, '2021-01-03 12:00:00', TRUE),
(2, 4, '2021-01-04 12:00:00', TRUE),
(2, 5, '2021-01-05 12:00:00', TRUE),
(2, 6, '2021-01-06 12:00:00', TRUE),
(2, 7, '2021-01-07 12:00:00', TRUE),
(3, 8, '2021-01-08 12:00:00', TRUE),
(3, 9, '2021-01-09 12:00:00', TRUE),
(3, 10, '2021-01-10 12:00:00', TRUE),
(3, 11, '2021-01-11 12:00:00', TRUE),
(3, 12, '2021-01-12 12:00:00', TRUE),
(4, 13, '2021-01-13 12:00:00', TRUE),
(4, 14, '2021-01-14 12:00:00', TRUE),
(4, 15, '2021-01-15 12:00:00', TRUE),
(4, 16, '2021-01-16 12:00:00', TRUE),
(4, 17, '2021-01-17 12:00:00', TRUE),
(4, 18, '2021-01-18 12:00:00', TRUE),
(5, 19, '2021-01-19 12:00:00', TRUE),
(5, 20, '2021-01-20 12:00:00', TRUE);

INSERT INTO TBL_REQUEST (id_issuer, id_receiver, id_deceased, creation_date, request_type, request_status) VALUES
(2, 3, 1, '2023-01-01', 'Acceso', 'Pendiente'),
(3, 3, 2, '2023-01-02', 'Acceso', 'Pendiente'),
(4, 2, 3, '2023-01-03', 'Acceso', 'Aprobado'),
(5, 3, 4, '2023-01-04', 'Edición', 'Pendiente'),
(2, 4, 5, '2023-01-05', 'Acceso', 'Rechazado'),
(3, 5, 6, '2023-01-06', 'Edición', 'Aprobado'),
(4, 2, 7, '2023-01-07', 'Acceso', 'Pendiente'),
(5, 3, 8, '2023-01-08', 'Acceso', 'Pendiente'),
(2, 4, 9, '2023-01-09', 'Acceso', 'Pendiente'),
(3, 5, 10, '2023-01-10', 'Edición', 'Aprobado'),
(4, 2, 11, '2023-01-11', 'Acceso', 'Rechazado'),
(5, 3, 12, '2023-01-12', 'Acceso', 'Pendiente'),
(2, 4, 13, '2023-01-13', 'Acceso', 'Pendiente'),
(3, 5, 14, '2023-01-14', 'Edición', 'Pendiente'),
(4, 2, 15, '2023-01-15', 'Edición', 'Aprobado'),
(5, 3, 16, '2023-01-16', 'Acceso', 'Pendiente'),
(2, 4, 17, '2023-01-17', 'Acceso', 'Pendiente'),
(3, 4, 18, '2023-01-18', 'Acceso', 'Rechazado'),
(4, 2, 19, '2023-01-19', 'Edición', 'Aprobado'),
(5, 3, 20, '2023-01-20', 'Acceso', 'Pendiente');

INSERT INTO TBL_NOTIFICATION (id_sender, id_receiver, message, is_read, creation_date) VALUES
(2, 2, 'Nueva solicitud recibida.', FALSE, '2023-01-01 08:00:00'),
(2, 3, 'Solicitud aprobada.', TRUE, '2023-01-02 08:00:00'),
(2, 3, 'Tu solicitud fue rechazada.', TRUE, '2023-01-03 08:00:00'),
(2, 4, 'Acceso concedido.', FALSE, '2023-01-04 08:00:00'),
(2, 4, 'Nuevo comentario.', TRUE, '2023-01-05 08:00:00'),
(4, 4, 'Solicitud pendiente.', FALSE, '2023-01-06 08:00:00'),
(4, 4, 'Notificación leída.', TRUE, '2023-01-07 08:00:00'),
(4, 4, 'Solicitud rechazada.', FALSE, '2023-01-08 08:00:00'),
(4, 2, 'Nuevo QR disponible.', TRUE, '2023-01-09 08:00:00'),
(3, 2, 'Permiso actualizado.', TRUE, '2023-01-10 08:00:00'),
(3, 2, 'Mensaje recibido.', FALSE, '2023-01-11 08:00:00'),
(3, 2, 'Actualización de estado.', TRUE, '2023-01-12 08:00:00'),
(3, 2, 'Cambio en visualización.', FALSE, '2023-01-13 08:00:00'),
(3, 2, 'Solicitud duplicada.', TRUE, '2023-01-14 08:00:00'),
(4, 2, 'Nuevo familiar añadido.', FALSE, '2023-01-15 08:00:00'),
(4, 2, 'Tu relación ha sido aprobada.', TRUE, '2023-01-16 08:00:00'),
(5, 2, 'Solicitud de edición.', FALSE, '2023-01-17 08:00:00'),
(5, 2, 'Acceso temporal habilitado.', TRUE, '2023-01-18 08:00:00'),
(5, 2, 'Notificación urgente.', FALSE, '2023-01-19 08:00:00'),
(5, 2, 'Fin del ciclo de vida.', TRUE, '2023-01-20 08:00:00');

INSERT INTO TBL_QR (id_user, qr_code, visualization_status, generation_date) VALUES
(2, 111111111, 'Activo', '2024-01-01 10:00:00'),
(2, 222222222, 'Activo', '2024-01-02 10:00:00'),
(2, 333333333, 'Activo', '2024-01-03 10:00:00'),
(2, 444444444, 'Expirado', '2024-01-04 10:00:00'),
(2, 555555555, 'Activo', '2024-01-05 10:00:00'),
(3, 666666666, 'Expirado', '2024-01-06 10:00:00'),
(3, 777777777, 'Activo', '2024-01-07 10:00:00'),
(3, 888888888, 'Activo', '2024-01-08 10:00:00'),
(3, 999999999, 'Expirado', '2024-01-09 10:00:00'),
(4, 101010101, 'Activo', '2024-01-10 10:00:00'),
(4, 202020202, 'Activo', '2024-01-11 10:00:00'),
(4, 303030303, 'Expirado', '2024-01-12 10:00:00'),
(4, 404040404, 'Activo', '2024-01-13 10:00:00'),
(3, 505050505, 'Expirado', '2024-01-14 10:00:00'),
(3, 606060606, 'Activo', '2024-01-15 10:00:00'),
(3, 707070707, 'Activo', '2024-01-16 10:00:00'),
(2, 808080808, 'Expirado', '2024-01-17 10:00:00'),
(2, 909090909, 'Activo', '2024-01-18 10:00:00'),
(2, 121212121, 'Activo', '2024-01-19 10:00:00'),
(2, 232323232, 'Expirado', '2024-01-20 10:00:00');

